id,user_id,title,content,date
19,1,系統很棒！,hi,2026-08-21 10:23:07.254236+08:00
29,1,系統很棒！,hi,2026-08-21 10:23:07.254236+08:00
18,10,無標題回饋,這是一條沒有標題的反饋。,2026-08-21 10:23:07.254224+08:00
30,10,無標題回饋,這是一條沒有標題的反饋。,2026-08-21 10:23:07.254224+08:00
21,9,無標題回饋,這是一條沒有標題的反饋。,2026-08-21 10:23:07.254224+08:00
31,9,無標題回饋,這是一條沒有標題的反饋。,2026-08-21 10:23:07.254224+08:00
33,12,介面問題,按鈕太小了，不好點擊。,2026-08-21 10:23:07.254198+08:00
17,1,介面問題,按鈕太小了，不好點擊。,2026-08-21 10:23:07.254198+08:00
22,12,介面問題,按鈕太小了，不好點擊。,2026-08-21 10:23:07.254198+08:00
32,1,介面問題,按鈕太小了，不好點擊。,2026-08-21 10:23:07.254198+08:00
16,13,系統很棒！,hihihi,2026-08-21 10:18:30.941476+08:00
34,13,系統很棒！,hihihi,2026-08-21 10:18:30.941476+08:00
36,1,無標題回饋,這是一條沒有標題的反饋。,2026-08-21 10:18:30.941456+08:00
24,1,無標題回饋,這是一條沒有標題的反饋。,2026-08-21 10:18:30.941456+08:00
15,1,無標題回饋,這是一條沒有標題的反饋。,2026-08-21 10:18:30.941456+08:00
35,1,無標題回饋,這是一條沒有標題的反饋。,2026-08-21 10:18:30.941456+08:00
14,1,介面問題,按鈕太小了，不好點擊。,2026-08-21 10:18:30.941397+08:00
37,1,介面問題,按鈕太小了，不好點擊。,2026-08-21 10:18:30.941397+08:00
25,1,介面問題,按鈕太小了，不好點擊。,2026-08-21 10:18:30.941397+08:00
38,1,介面問題,按鈕太小了，不好點擊。,2026-08-21 10:18:30.941397+08:00
8,2,facebook page question,do you have a facebook page?,2026-08-18 11:17:38+08:00
26,2,facebook page question,do you have a facebook page?,2026-08-18 11:17:38+08:00
39,2,facebook page question,do you have a facebook page?,2026-08-18 11:17:38+08:00
40,2,facebook page question,do you have a facebook page?,2026-08-18 11:17:38+08:00
27,2,may be you can add chatbox,"i want to use the chatbox ,not only comment",2026-08-18 11:16:08+08:00
7,2,may be you can add chatbox,"i want to use the chatbox ,not only comment",2026-08-18 11:16:08+08:00
41,2,may be you can add chatbox,"i want to use the chatbox ,not only comment",2026-08-18 11:16:08+08:00
42,2,may be you can add chatbox,"i want to use the chatbox ,not only comment",2026-08-18 11:16:08+08:00
28,5,you should add more function,"i think this web site is lack of function, you should improve that",2026-08-17 13:49:32+08:00
4,5,you should add more function,"i think this web site is lack of function, you should improve that ",2026-08-17 13:49:32+08:00
43,5,you should add more function,"i think this web site is lack of function, you should improve that",2026-08-17 13:49:32+08:00
44,5,you should add more function,"i think this web site is lack of function, you should improve that",2026-08-17 13:49:32+08:00
